{
  "Ansi 6 Color" : {
    "Red Component" : 0.60392171144485474,
    "Color Space" : "sRGB",
    "Blue Component" : 0.99607843160629272,
    "Alpha Component" : 1,
    "Green Component" : 0.92941170930862427
  },
  "Tags" : [

  ],
  "Ansi 12 Color" : {
    "Red Component" : 0.34117650985717773,
    "Color Space" : "sRGB",
    "Blue Component" : 0.99999994039535522,
    "Alpha Component" : 1,
    "Green Component" : 0.78039222955703735
  },
  "Ansi 7 Color" : {
    "Red Component" : 0.94509810209274292,
    "Color Space" : "sRGB",
    "Blue Component" : 0.94117647409439087,
    "Alpha Component" : 1,
    "Green Component" : 0.94509810209274292
  },
  "Ansi 8 Color" : {
    "Red Component" : 0.40784323215484619,
    "Color Space" : "sRGB",
    "Blue Component" : 0.40784311294555664,
    "Alpha Component" : 1,
    "Green Component" : 0.40784311294555664
  },
  "Bold Color" : {
    "Red Component" : 0.97102361917495728,
    "Color Space" : "sRGB",
    "Blue Component" : 0.97102349996566772,
    "Alpha Component" : 1,
    "Green Component" : 0.97102349996566772
  },
  "Ansi 9 Color" : {
    "Red Component" : 1,
    "Color Space" : "sRGB",
    "Blue Component" : 0.34117639064788818,
    "Alpha Component" : 1,
    "Green Component" : 0.36078426241874695
  },
  "Ansi 4 Color" : {
    "Red Component" : 0.34117650985717773,
    "Color Space" : "sRGB",
    "Blue Component" : 0.99999994039535522,
    "Alpha Component" : 1,
    "Green Component" : 0.78039222955703735
  },
  "Ansi 1 Color" : {
    "Red Component" : 1,
    "Color Space" : "sRGB",
    "Blue Component" : 0.34117639064788818,
    "Alpha Component" : 1,
    "Green Component" : 0.36078426241874695
  },
  "Rows" : 35,
  "Default Bookmark" : "No",
  "Cursor Guide Color" : {
    "Red Component" : 0.70213186740875244,
    "Color Space" : "sRGB",
    "Blue Component" : 1,
    "Alpha Component" : 0.25,
    "Green Component" : 0.9268307089805603
  },
  "Non-ASCII Anti Aliased" : true,
  "Use Bright Bold" : true,
  "Ansi 10 Color" : {
    "Red Component" : 0.35294127464294434,
    "Color Space" : "sRGB",
    "Blue Component" : 0.55686265230178833,
    "Alpha Component" : 1,
    "Green Component" : 0.96862751245498657
  },
  "Ambiguous Double Width" : false,
  "Jobs to Ignore" : [
    "rlogin",
    "ssh",
    "slogin",
    "telnet"
  ],
  "Ansi 15 Color" : {
    "Red Component" : 0.94509810209274292,
    "Color Space" : "sRGB",
    "Blue Component" : 0.94117647409439087,
    "Alpha Component" : 1,
    "Green Component" : 0.94509810209274292
  },
  "Foreground Color" : {
    "Red Component" : 0.93725490570068359,
    "Color Space" : "sRGB",
    "Blue Component" : 0.92156857252120972,
    "Alpha Component" : 1,
    "Green Component" : 0.94117647409439087
  },
  "Working Directory" : "\/Users\/kevin",
  "Blinking Cursor" : false,
  "Disable Window Resizing" : true,
  "Sync Title" : false,
  "Prompt Before Closing 2" : false,
  "BM Growl" : true,
  "Command" : "",
  "Description" : "Default",
  "Space" : 0,
  "Mouse Reporting" : true,
  "Screen" : -1,
  "Selection Color" : {
    "Red Component" : 0.57319694757461548,
    "Color Space" : "sRGB",
    "Blue Component" : 0.81719964742660522,
    "Alpha Component" : 1,
    "Green Component" : 0.73586553335189819
  },
  "Initial Use Transparency" : true,
  "Only The Default BG Color Uses Transparency" : false,
  "Columns" : 120,
  "Idle Code" : 0,
  "Background Image Mode" : 0,
  "Ansi 13 Color" : {
    "Red Component" : 1,
    "Color Space" : "sRGB",
    "Blue Component" : 0.75686269998550415,
    "Alpha Component" : 1,
    "Green Component" : 0.4156862199306488
  },
  "Custom Command" : "No",
  "ASCII Anti Aliased" : true,
  "Non Ascii Font" : "Menlo-Regular 14",
  "Vertical Spacing" : 1,
  "Use Bold Font" : true,
  "Option Key Sends" : 0,
  "Selected Text Color" : {
    "Red Component" : 0,
    "Color Space" : "sRGB",
    "Blue Component" : 0,
    "Alpha Component" : 1,
    "Green Component" : 0
  },
  "Background Color" : {
    "Red Component" : 0.15686270594596863,
    "Color Space" : "sRGB",
    "Blue Component" : 0.21176469326019287,
    "Alpha Component" : 1,
    "Green Component" : 0.16470584273338318
  },
  "Character Encoding" : 4,
  "Ansi 11 Color" : {
    "Red Component" : 0.95294123888015747,
    "Color Space" : "sRGB",
    "Blue Component" : 0.61568623781204224,
    "Alpha Component" : 1,
    "Green Component" : 0.97647064924240112
  },
  "Thin Strokes" : 3,
  "Use Italic Font" : true,
  "Unlimited Scrollback" : false,
  "Keyboard Map" : {
    "0x5e-0x60000" : {
      "Text" : "0x1e",
      "Action" : 11
    },
    "0xf702-0x280000" : {
      "Text" : "b",
      "Action" : 10
    },
    "0xf702-0x260000" : {
      "Text" : "0x1b 0x1b 0x5b 0x44",
      "Action" : 11
    },
    "0xf703-0x280000" : {
      "Text" : "f",
      "Action" : 10
    },
    "0xf70a-0x20000" : {
      "Text" : "[28~",
      "Action" : 10
    },
    "0xf703-0x260000" : {
      "Text" : "[C",
      "Action" : 10
    },
    "0xf702-0x220000" : {
      "Text" : "[D",
      "Action" : 10
    },
    "0xf703-0x240000" : {
      "Text" : "[5C",
      "Action" : 10
    },
    "0xf702-0x240000" : {
      "Text" : "[5D",
      "Action" : 10
    },
    "0xf703-0x220000" : {
      "Text" : "[C",
      "Action" : 10
    },
    "0xf700-0x280000" : {
      "Text" : "[A",
      "Action" : 10
    },
    "0xf72b-0x20000" : {
      "Text" : "[F",
      "Action" : 10
    },
    "0xf700-0x260000" : {
      "Text" : "[A",
      "Action" : 10
    },
    "0xf701-0x280000" : {
      "Text" : "[B",
      "Action" : 10
    },
    "0xf700-0x240000" : {
      "Text" : "[A",
      "Action" : 10
    },
    "0xf701-0x260000" : {
      "Text" : "[B",
      "Action" : 10
    },
    "0xf700-0x220000" : {
      "Text" : "[A",
      "Action" : 10
    },
    "0xf701-0x240000" : {
      "Text" : "[B",
      "Action" : 10
    },
    "0xf72b-0x40000" : {
      "Text" : "",
      "Action" : 4
    },
    "0xf708-0x20000" : {
      "Text" : "[25~",
      "Action" : 10
    },
    "0xf701-0x220000" : {
      "Text" : "[B",
      "Action" : 10
    },
    "0x2d-0x40000" : {
      "Text" : "0x1f",
      "Action" : 11
    },
    "0xf70b-0x20000" : {
      "Text" : "[29~",
      "Action" : 10
    },
    "0xf709-0x20000" : {
      "Text" : "[26~",
      "Action" : 10
    },
    "0xf729-0x20000" : {
      "Text" : "[H",
      "Action" : 10
    },
    "0xf729-0x40000" : {
      "Text" : "",
      "Action" : 5
    }
  },
  "Window Type" : 0,
  "Cursor Boost" : 0,
  "Cursor Type" : 1,
  "Background Image Location" : "",
  "Blur" : false,
  "Badge Color" : {
    "Red Component" : 1,
    "Color Space" : "sRGB",
    "Blue Component" : 0,
    "Alpha Component" : 0.5,
    "Green Component" : 0.1491314172744751
  },
  "Blur Radius" : 1.7588713515228427,
  "Scrollback Lines" : 1000,
  "Send Code When Idle" : false,
  "Close Sessions On End" : true,
  "Terminal Type" : "xterm-256color-italic",
  "Visual Bell" : true,
  "Flashing Bell" : false,
  "Silence Bell" : false,
  "Unicode Normalization" : 0,
  "Ansi 14 Color" : {
    "Red Component" : 0.60392171144485474,
    "Color Space" : "sRGB",
    "Blue Component" : 0.99607843160629272,
    "Alpha Component" : 1,
    "Green Component" : 0.92941170930862427
  },
  "Name" : "Default",
  "Cursor Text Color" : {
    "Red Component" : 0.15686270594596863,
    "Color Space" : "sRGB",
    "Blue Component" : 0.21176469326019287,
    "Alpha Component" : 1,
    "Green Component" : 0.16470584273338318
  },
  "Minimum Contrast" : 0,
  "Shortcut" : "",
  "Cursor Color" : {
    "Red Component" : 0.91646724939346313,
    "Color Space" : "sRGB",
    "Blue Component" : 0.91647690534591675,
    "Alpha Component" : 1,
    "Green Component" : 0.91648870706558228
  },
  "Ansi 0 Color" : {
    "Red Component" : 0,
    "Color Space" : "sRGB",
    "Blue Component" : 0,
    "Alpha Component" : 1,
    "Green Component" : 0
  },
  "Guid" : "5BBA984C-AABD-4169-840F-BCF562C1E25D",
  "Horizontal Spacing" : 1,